dosya_adi,genislik,yukseklik,brightness,contrast,blur_score,otsu_val
ss1.png,546,664,137.50722119246217,64.87969204866631,265.1270699555113,136.0
ss2.png,544,674,130.84382091115378,61.90963875160622,146.60160507725985,129.0
ss3.png,543,661,8.141963596648864,8.428284413437884,64.43108288843723,19.0
